distance,bank_angle
0.0,-0.17681
0.999796,-0.176955
1.999593,-0.177098
2.999389,-0.177238
3.999186,-0.177375
4.998982,-0.177509
5.998778,-0.177638
6.998575,-0.177763
7.998371,-0.177884
8.998167,-0.178
9.997964,-0.178112
10.99776,-0.178218
11.997557,-0.17832
12.997353,-0.178417
13.997149,-0.178509
14.996946,-0.178597
15.996742,-0.17868
16.996539,-0.178758
17.996335,-0.178833
18.996131,-0.178904
19.995928,-0.178972
20.995724,-0.179036
21.99552,-0.179097
22.995317,-0.179156
23.995113,-0.179213
24.99491,-0.179267
25.994706,-0.17932
26.994502,-0.179372
27.994299,-0.179423
28.994095,-0.179474
29.993892,-0.179524
30.993688,-0.179574
31.993484,-0.179624
32.993281,-0.179675
33.993077,-0.179726
34.992873,-0.179777
35.99267,-0.17983
36.992466,-0.179883
37.992263,-0.179938
38.992059,-0.179994
39.991855,-0.180051
40.991652,-0.180109
41.991448,-0.180168
42.991244,-0.180228
43.991041,-0.18029
44.990837,-0.180353
45.990634,-0.180416
46.99043,-0.180481
47.990226,-0.180546
48.990023,-0.180612
49.989819,-0.180679
50.989616,-0.180745
51.989412,-0.180812
52.989208,-0.180878
53.989005,-0.180944
54.988801,-0.18101
55.988597,-0.181074
56.988394,-0.181137
57.98819,-0.181198
58.987987,-0.181257
59.987783,-0.181314
60.987579,-0.181368
61.987376,-0.18142
62.987172,-0.181468
63.986969,-0.181513
64.986765,-0.181554
65.986561,-0.181591
66.986358,-0.181624
67.986154,-0.181653
68.98595,-0.181678
69.985747,-0.181698
70.985543,-0.181713
71.98534,-0.181724
72.985136,-0.181729
73.984932,-0.18173
74.984729,-0.181727
75.984525,-0.181718
76.984322,-0.181705
77.984118,-0.181686
78.983914,-0.181664
79.983711,-0.181636
80.983507,-0.181604
81.983303,-0.181568
82.9831,-0.181527
83.982896,-0.181481
84.982693,-0.181432
85.982489,-0.181378
86.982285,-0.181321
87.982082,-0.181259
88.981878,-0.181194
89.981675,-0.181125
90.981471,-0.181052
91.981267,-0.180975
92.981064,-0.180895
93.98086,-0.180812
94.980656,-0.180725
95.980453,-0.180635
96.980249,-0.180542
97.980046,-0.180446
98.979842,-0.180347
99.979638,-0.180245
100.979435,-0.180141
101.979231,-0.180033
102.979027,-0.179923
103.978824,-0.17981
104.97862,-0.179695
105.978417,-0.179577
106.978213,-0.179456
107.978009,-0.179333
108.977806,-0.179207
109.977602,-0.179079
110.977399,-0.178948
111.977195,-0.178814
112.976991,-0.178678
113.976788,-0.178538
114.976584,-0.178396
115.97638,-0.17825
116.976177,-0.178101
117.975973,-0.177949
118.97577,-0.177793
119.975566,-0.177634
120.975362,-0.177471
121.975159,-0.177304
122.974955,-0.177133
123.974752,-0.176958
124.974548,-0.176779
125.974344,-0.176595
126.974141,-0.176408
127.973937,-0.176216
128.973733,-0.17602
129.97353,-0.17582
130.973326,-0.175615
131.973123,-0.175407
132.972919,-0.175195
133.972715,-0.17498
134.972512,-0.174761
135.972308,-0.174539
136.972105,-0.174314
137.971901,-0.174086
138.971697,-0.173856
139.971494,-0.173624
140.97129,-0.17339
141.971086,-0.173155
142.970883,-0.172919
143.970679,-0.172681
144.970476,-0.172443
145.970272,-0.172204
146.970068,-0.171966
147.969865,-0.171727
148.969661,-0.171488
149.969458,-0.17125
150.969254,-0.171013
151.96905,-0.170776
152.968847,-0.170541
153.968643,-0.170306
154.968439,-0.170073
155.968236,-0.169842
156.968032,-0.169612
157.967829,-0.169385
158.967625,-0.169159
159.967421,-0.168935
160.967218,-0.168714
161.967014,-0.168496
162.966811,-0.16828
163.966607,-0.168068
164.966403,-0.167858
165.9662,-0.167651
166.965996,-0.167448
167.965792,-0.167249
168.965589,-0.167053
169.965385,-0.166861
170.965182,-0.166673
171.964978,-0.16649
172.964774,-0.16631
173.964571,-0.166135
174.964367,-0.165965
175.964163,-0.1658
176.96396,-0.16564
177.963756,-0.165485
178.963553,-0.165335
179.963349,-0.165191
180.963145,-0.165054
181.962942,-0.164922
182.962738,-0.164797
183.962535,-0.164678
184.962331,-0.164566
185.962127,-0.164461
186.961924,-0.164364
187.96172,-0.164274
188.961516,-0.164192
189.961313,-0.164118
190.961109,-0.164052
191.960906,-0.163994
192.960702,-0.163945
193.960498,-0.163904
194.960295,-0.163873
195.960091,-0.16385
196.959888,-0.163836
197.959684,-0.163832
198.95948,-0.163837
199.959277,-0.163851
200.959073,-0.163875
201.958869,-0.163908
202.958666,-0.16395
203.958462,-0.164002
204.958259,-0.164064
205.958055,-0.164135
206.957851,-0.164215
207.957648,-0.164305
208.957444,-0.164405
209.957241,-0.164514
210.957037,-0.164632
211.956833,-0.164759
212.95663,-0.164896
213.956426,-0.165042
214.956222,-0.165197
215.956019,-0.165361
216.955815,-0.165535
217.955612,-0.165716
218.955408,-0.165907
219.955204,-0.166107
220.955001,-0.166315
221.954797,-0.166531
222.954594,-0.166756
223.95439,-0.166989
224.954186,-0.167231
225.953983,-0.16748
226.953779,-0.167738
227.953575,-0.168003
228.953372,-0.168277
229.953168,-0.168558
230.952965,-0.168847
231.952761,-0.169144
232.952557,-0.169448
233.952354,-0.169759
234.95215,-0.170078
235.951947,-0.170405
236.951743,-0.170738
237.951539,-0.171079
238.951336,-0.171427
239.951132,-0.171782
240.950928,-0.172143
241.950725,-0.172512
242.950521,-0.172887
243.950318,-0.17327
244.950114,-0.173659
245.94991,-0.174054
246.949707,-0.174456
247.949503,-0.174865
248.949299,-0.17528
249.949096,-0.175701
250.948892,-0.176129
251.948689,-0.176563
252.948485,-0.177003
253.948281,-0.177449
254.948078,-0.177901
255.947874,-0.178359
256.947671,-0.178823
257.947467,-0.179292
258.947263,-0.179767
259.94706,-0.180248
260.946856,-0.180735
261.946652,-0.181227
262.946449,-0.181724
263.946245,-0.182226
264.946042,-0.182734
265.945838,-0.183246
266.945634,-0.183764
267.945431,-0.184286
268.945227,-0.184813
269.945024,-0.185344
270.94482,-0.18588
271.944616,-0.186421
272.944413,-0.186965
273.944209,-0.187514
274.944005,-0.188066
275.943802,-0.188623
276.943598,-0.189183
277.943395,-0.189747
278.943191,-0.190314
279.942987,-0.190884
280.942784,-0.191458
281.94258,-0.192035
282.942377,-0.192614
283.942173,-0.193196
284.941969,-0.193781
285.941766,-0.194369
286.941562,-0.194959
287.941358,-0.195551
288.941155,-0.196145
289.940951,-0.196741
290.940748,-0.197339
291.940544,-0.197939
292.94034,-0.198541
293.940137,-0.199144
294.939933,-0.199748
295.93973,-0.200354
296.939526,-0.200961
297.939322,-0.201569
298.939119,-0.202178
299.938915,-0.202788
300.938711,-0.203399
301.938508,-0.20401
302.938304,-0.204623
303.938101,-0.205235
304.937897,-0.205849
305.937693,-0.206462
306.93749,-0.207077
307.937286,-0.207691
308.937082,-0.208305
309.936879,-0.20892
310.936675,-0.209535
311.936472,-0.21015
312.936268,-0.210765
313.936064,-0.211379
314.935861,-0.211994
315.935657,-0.212609
316.935454,-0.213223
317.93525,-0.213837
318.935046,-0.214452
319.934843,-0.215066
320.934639,-0.21568
321.934435,-0.216293
322.934232,-0.216907
323.934028,-0.217521
324.933825,-0.218134
325.933621,-0.218748
326.933417,-0.219362
327.933214,-0.219976
328.93301,-0.22059
329.932807,-0.221204
330.932603,-0.221819
331.932399,-0.222433
332.932196,-0.223048
333.931992,-0.223664
334.931788,-0.22428
335.931585,-0.224896
336.931381,-0.225513
337.931178,-0.226131
338.930974,-0.226748
339.93077,-0.227367
340.930567,-0.227986
341.930363,-0.228606
342.93016,-0.229226
343.929956,-0.229847
344.929752,-0.230469
345.929549,-0.231091
346.929345,-0.231714
347.929141,-0.232337
348.928938,-0.232962
349.928734,-0.233587
350.928531,-0.234212
351.928327,-0.234839
352.928123,-0.235466
353.92792,-0.236094
354.927716,-0.236723
355.927513,-0.237353
356.927309,-0.237983
357.927105,-0.238614
358.926902,-0.239247
359.926698,-0.23988
360.926494,-0.240513
361.926291,-0.241148
362.926087,-0.241784
363.925884,-0.24242
364.92568,-0.243058
365.925476,-0.243696
366.925273,-0.244335
367.925069,-0.244976
368.924866,-0.245617
369.924662,-0.246259
370.924458,-0.246902
371.924255,-0.247546
372.924051,-0.248191
373.923847,-0.248837
374.923644,-0.249484
375.92344,-0.250131
376.923237,-0.25078
377.923033,-0.251429
378.922829,-0.252079
379.922626,-0.25273
380.922422,-0.253382
381.922218,-0.254034
382.922015,-0.254687
383.921811,-0.25534
384.921608,-0.255994
385.921404,-0.256648
386.9212,-0.257302
387.920997,-0.257955
388.920793,-0.258609
389.92059,-0.259263
390.920386,-0.259916
391.920182,-0.260568
392.919979,-0.261219
393.919775,-0.261869
394.919571,-0.262518
395.919368,-0.263165
396.919164,-0.263811
397.918961,-0.264454
398.918757,-0.265096
399.918553,-0.265735
400.91835,-0.266372
401.918146,-0.267006
402.917943,-0.267637
403.917739,-0.268266
404.917535,-0.268891
405.917332,-0.269514
406.917128,-0.270133
407.916924,-0.270749
408.916721,-0.271362
409.916517,-0.271971
410.916314,-0.272576
411.91611,-0.273178
412.915906,-0.273775
413.915703,-0.274369
414.915499,-0.274959
415.915296,-0.275544
416.915092,-0.276124
417.914888,-0.2767
418.914685,-0.277271
419.914481,-0.277837
420.914277,-0.278398
421.914074,-0.278954
422.91387,-0.279503
423.913667,-0.280048
424.913463,-0.280586
425.913259,-0.281118
426.913056,-0.281644
427.912852,-0.282164
428.912649,-0.282678
429.912445,-0.283185
430.912241,-0.283686
431.912038,-0.28418
432.911834,-0.284667
433.91163,-0.285149
434.911427,-0.285623
435.911223,-0.286091
436.91102,-0.286553
437.910816,-0.287008
438.910612,-0.287457
439.910409,-0.2879
440.910205,-0.288336
441.910002,-0.288766
442.909798,-0.28919
443.909594,-0.289608
444.909391,-0.290019
445.909187,-0.290425
446.908983,-0.290825
447.90878,-0.291218
448.908576,-0.291605
449.908373,-0.291987
450.908169,-0.292361
451.907965,-0.29273
452.907762,-0.293092
453.907558,-0.293448
454.907354,-0.293797
455.907151,-0.294139
456.906947,-0.294474
457.906744,-0.294803
458.90654,-0.295124
459.906336,-0.295438
460.906133,-0.295745
461.905929,-0.296044
462.905726,-0.296336
463.905522,-0.296621
464.905318,-0.296898
465.905115,-0.297168
466.904911,-0.29743
467.904707,-0.297685
468.904504,-0.297932
469.9043,-0.298171
470.904097,-0.298403
471.903893,-0.298627
472.903689,-0.298844
473.903486,-0.299053
474.903282,-0.299254
475.903079,-0.299448
476.902875,-0.299635
477.902671,-0.299814
478.902468,-0.299986
479.902264,-0.30015
480.90206,-0.300308
481.901857,-0.30046
482.901653,-0.300604
483.90145,-0.300743
484.901246,-0.300877
485.901042,-0.301005
486.900839,-0.301128
487.900635,-0.301247
488.900432,-0.301362
489.900228,-0.301474
490.900024,-0.301583
491.899821,-0.30169
492.899617,-0.301795
493.899413,-0.301899
494.89921,-0.302002
495.899006,-0.302105
496.898803,-0.302207
497.898599,-0.30231
498.898395,-0.302413
499.898192,-0.302517
500.897988,-0.302621
501.897785,-0.302726
502.897581,-0.302832
503.897377,-0.302938
504.897174,-0.303044
505.89697,-0.303151
506.896766,-0.303257
507.896563,-0.303363
508.896359,-0.303469
509.896156,-0.303573
510.895952,-0.303677
511.895748,-0.303778
512.895545,-0.303878
513.895341,-0.303976
514.895137,-0.30407
515.894934,-0.304162
516.89473,-0.304251
517.894527,-0.304336
518.894323,-0.304417
519.894119,-0.304493
520.893916,-0.304566
521.893712,-0.304633
522.893509,-0.304696
523.893305,-0.304754
524.893101,-0.304807
525.892898,-0.304855
526.892694,-0.304898
527.89249,-0.304935
528.892287,-0.304968
529.892083,-0.304996
530.89188,-0.305019
531.891676,-0.305038
532.891472,-0.305052
533.891269,-0.305063
534.891065,-0.305071
535.890862,-0.305075
536.890658,-0.305077
537.890454,-0.305076
538.890251,-0.305074
539.890047,-0.305071
540.889843,-0.305066
541.88964,-0.305061
542.889436,-0.305056
543.889233,-0.305051
544.889029,-0.305047
545.888825,-0.305043
546.888622,-0.305041
547.888418,-0.30504
548.888215,-0.305039
549.888011,-0.305041
550.887807,-0.305043
551.887604,-0.305047
552.8874,-0.305052
553.887196,-0.305058
554.886993,-0.305065
555.886789,-0.305073
556.886586,-0.305081
557.886382,-0.305089
558.886178,-0.305096
559.885975,-0.305104
560.885771,-0.30511
561.885568,-0.305115
562.885364,-0.305119
563.88516,-0.305121
564.884957,-0.305121
565.884753,-0.305119
566.884549,-0.305113
567.884346,-0.305105
568.884142,-0.305094
569.883939,-0.305079
570.883735,-0.305061
571.883531,-0.305039
572.883328,-0.305012
573.883124,-0.304982
574.882921,-0.304948
575.882717,-0.30491
576.882513,-0.304868
577.88231,-0.304823
578.882106,-0.304773
579.881902,-0.30472
580.881699,-0.304663
581.881495,-0.304604
582.881292,-0.304541
583.881088,-0.304476
584.880884,-0.304409
585.880681,-0.304341
586.880477,-0.304271
587.880273,-0.3042
588.88007,-0.304128
589.879866,-0.304056
590.879663,-0.303985
591.879459,-0.303913
592.879255,-0.303843
593.879052,-0.303774
594.878848,-0.303706
595.878645,-0.30364
596.878441,-0.303575
597.878237,-0.303512
598.878034,-0.30345
599.87783,-0.303391
600.877626,-0.303334
601.877423,-0.303279
602.877219,-0.303225
603.877016,-0.303174
604.876812,-0.303125
605.876608,-0.303079
606.876405,-0.303034
607.876201,-0.302991
608.875998,-0.302951
609.875794,-0.302913
610.87559,-0.302878
611.875387,-0.302844
612.875183,-0.302814
613.874979,-0.302786
614.874776,-0.302761
615.874572,-0.302739
616.874369,-0.302719
617.874165,-0.302703
618.873961,-0.30269
619.873758,-0.30268
620.873554,-0.302673
621.873351,-0.302669
622.873147,-0.302669
623.872943,-0.302672
624.87274,-0.302679
625.872536,-0.302689
626.872332,-0.302702
627.872129,-0.302718
628.871925,-0.302737
629.871722,-0.302759
630.871518,-0.302784
631.871314,-0.302812
632.871111,-0.302842
633.870907,-0.302874
634.870704,-0.302909
635.8705,-0.302945
636.870296,-0.302982
637.870093,-0.303021
638.869889,-0.303061
639.869685,-0.303101
640.869482,-0.303141
641.869278,-0.303182
642.869075,-0.303222
643.868871,-0.303262
644.868667,-0.303301
645.868464,-0.303339
646.86826,-0.303375
647.868057,-0.303411
648.867853,-0.303445
649.867649,-0.303477
650.867446,-0.303507
651.867242,-0.303535
652.867038,-0.303561
653.866835,-0.303585
654.866631,-0.303607
655.866428,-0.303627
656.866224,-0.303645
657.86602,-0.30366
658.865817,-0.303674
659.865613,-0.303686
660.865409,-0.303697
661.865206,-0.303705
662.865002,-0.303713
663.864799,-0.303719
664.864595,-0.303724
665.864391,-0.303729
666.864188,-0.303732
667.863984,-0.303736
668.863781,-0.303738
669.863577,-0.303741
670.863373,-0.303744
671.86317,-0.303747
672.862966,-0.303751
673.862762,-0.303754
674.862559,-0.303759
675.862355,-0.303764
676.862152,-0.303771
677.861948,-0.303778
678.861744,-0.303785
679.861541,-0.303794
680.861337,-0.303804
681.861134,-0.303814
682.86093,-0.303825
683.860726,-0.303837
684.860523,-0.303849
685.860319,-0.303862
686.860115,-0.303874
687.859912,-0.303887
688.859708,-0.3039
689.859505,-0.303913
690.859301,-0.303925
691.859097,-0.303937
692.858894,-0.303949
693.85869,-0.303959
694.858487,-0.303969
695.858283,-0.303977
696.858079,-0.303984
697.857876,-0.30399
698.857672,-0.303994
699.857468,-0.303997
700.857265,-0.303998
701.857061,-0.303997
702.856858,-0.303994
703.856654,-0.303989
704.85645,-0.303982
705.856247,-0.303973
706.856043,-0.303962
707.85584,-0.303949
708.855636,-0.303934
709.855432,-0.303916
710.855229,-0.303897
711.855025,-0.303876
712.854821,-0.303852
713.854618,-0.303827
714.854414,-0.3038
715.854211,-0.303771
716.854007,-0.303741
717.853803,-0.303709
718.8536,-0.303675
719.853396,-0.30364
720.853192,-0.303603
721.852989,-0.303564
722.852785,-0.303525
723.852582,-0.303483
724.852378,-0.303441
725.852174,-0.303396
726.851971,-0.30335
727.851767,-0.303303
728.851564,-0.303254
729.85136,-0.303203
730.851156,-0.303151
731.850953,-0.303096
732.850749,-0.30304
733.850545,-0.302982
734.850342,-0.302921
735.850138,-0.302859
736.849935,-0.302794
737.849731,-0.302727
738.849527,-0.302657
739.849324,-0.302586
740.84912,-0.302512
741.848917,-0.302436
742.848713,-0.302357
743.848509,-0.302276
744.848306,-0.302194
745.848102,-0.302109
746.847898,-0.302023
747.847695,-0.301935
748.847491,-0.301846
749.847288,-0.301756
750.847084,-0.301665
751.84688,-0.301574
752.846677,-0.301483
753.846473,-0.301392
754.84627,-0.301301
755.846066,-0.301212
756.845862,-0.301123
757.845659,-0.301037
758.845455,-0.300952
759.845251,-0.300869
760.845048,-0.300789
761.844844,-0.300711
762.844641,-0.300636
763.844437,-0.300564
764.844233,-0.300495
765.84403,-0.300429
766.843826,-0.300366
767.843623,-0.300306
768.843419,-0.300249
769.843215,-0.300194
770.843012,-0.300142
771.842808,-0.300092
772.842604,-0.300044
773.842401,-0.299998
774.842197,-0.299953
775.841994,-0.299909
776.84179,-0.299866
777.841586,-0.299823
778.841383,-0.29978
779.841179,-0.299736
780.840976,-0.299691
781.840772,-0.299645
782.840568,-0.299597
783.840365,-0.299547
784.840161,-0.299494
785.839957,-0.299438
786.839754,-0.299379
787.83955,-0.299316
788.839347,-0.299249
789.839143,-0.299177
790.838939,-0.2991
791.838736,-0.299019
792.838532,-0.298931
793.838328,-0.298839
794.838125,-0.29874
795.837921,-0.298634
796.837718,-0.298523
797.837514,-0.298404
798.83731,-0.298279
799.837107,-0.298146
800.836903,-0.298006
801.8367,-0.297859
802.836496,-0.297704
803.836292,-0.297541
804.836089,-0.29737
805.835885,-0.297191
806.835681,-0.297003
807.835478,-0.296808
808.835274,-0.296603
809.835071,-0.29639
810.834867,-0.296169
811.834663,-0.295939
812.83446,-0.2957
813.834256,-0.295452
814.834053,-0.295195
815.833849,-0.29493
816.833645,-0.294656
817.833442,-0.294373
818.833238,-0.29408
819.833034,-0.293779
820.832831,-0.293469
821.832627,-0.29315
822.832424,-0.292822
823.83222,-0.292485
824.832016,-0.292139
825.831813,-0.291784
826.831609,-0.291419
827.831406,-0.291045
828.831202,-0.290662
829.830998,-0.290268
830.830795,-0.289865
831.830591,-0.289452
832.830387,-0.289029
833.830184,-0.288595
834.82998,-0.28815
835.829777,-0.287695
836.829573,-0.287228
837.829369,-0.286749
838.829166,-0.286259
839.828962,-0.285756
840.828759,-0.28524
841.828555,-0.284712
842.828351,-0.284171
843.828148,-0.283615
844.827944,-0.283046
845.82774,-0.282463
846.827537,-0.281865
847.827333,-0.281252
848.82713,-0.280624
849.826926,-0.279981
850.826722,-0.279322
851.826519,-0.278648
852.826315,-0.277958
853.826111,-0.277253
854.825908,-0.276532
855.825704,-0.275795
856.825501,-0.275042
857.825297,-0.274274
858.825093,-0.273491
859.82489,-0.272693
860.824686,-0.271879
861.824483,-0.271051
862.824279,-0.270208
863.824075,-0.269351
864.823872,-0.26848
865.823668,-0.267595
866.823464,-0.266697
867.823261,-0.265785
868.823057,-0.26486
869.822854,-0.263922
870.82265,-0.262971
871.822446,-0.262009
872.822243,-0.261034
873.822039,-0.260047
874.821836,-0.259049
875.821632,-0.258039
876.821428,-0.257018
877.821225,-0.255987
878.821021,-0.254945
879.820817,-0.253892
880.820614,-0.25283
881.82041,-0.251758
882.820207,-0.250677
883.820003,-0.249587
884.819799,-0.248489
885.819596,-0.247382
886.819392,-0.246267
887.819189,-0.245145
888.818985,-0.244015
889.818781,-0.242879
890.818578,-0.241736
891.818374,-0.240587
892.81817,-0.239432
893.817967,-0.238271
894.817763,-0.237106
895.81756,-0.235936
896.817356,-0.234761
897.817152,-0.233582
898.816949,-0.232399
899.816745,-0.231213
900.816542,-0.230023
901.816338,-0.22883
902.816134,-0.227635
903.815931,-0.226437
904.815727,-0.225237
905.815523,-0.224034
906.81532,-0.22283
907.815116,-0.221624
908.814913,-0.220416
909.814709,-0.219207
910.814505,-0.217997
911.814302,-0.216786
912.814098,-0.215573
913.813895,-0.214361
914.813691,-0.213147
915.813487,-0.211933
916.813284,-0.210719
917.81308,-0.209505
918.812876,-0.20829
919.812673,-0.207076
920.812469,-0.205862
921.812266,-0.204649
922.812062,-0.203436
923.811858,-0.202224
924.811655,-0.201013
925.811451,-0.199804
926.811247,-0.198595
927.811044,-0.197388
928.81084,-0.196182
929.810637,-0.194979
930.810433,-0.193777
931.810229,-0.192576
932.810026,-0.191379
933.809822,-0.190183
934.809619,-0.188989
935.809415,-0.187798
936.809211,-0.186609
937.809008,-0.185423
938.808804,-0.184239
939.8086,-0.183057
940.808397,-0.181879
941.808193,-0.180702
942.80799,-0.179529
943.807786,-0.178358
944.807582,-0.17719
945.807379,-0.176025
946.807175,-0.174863
947.806972,-0.173704
948.806768,-0.172548
949.806564,-0.171395
950.806361,-0.170246
951.806157,-0.1691
952.805953,-0.167957
953.80575,-0.166818
954.805546,-0.165682
955.805343,-0.164551
956.805139,-0.163423
957.804935,-0.1623
958.804732,-0.16118
959.804528,-0.160065
960.804325,-0.158954
961.804121,-0.157847
962.803917,-0.156745
963.803714,-0.155647
964.80351,-0.154554
965.803306,-0.153465
966.803103,-0.152382
967.802899,-0.151303
968.802696,-0.150229
969.802492,-0.149161
970.802288,-0.148097
971.802085,-0.147039
972.801881,-0.145986
973.801678,-0.144939
974.801474,-0.143897
975.80127,-0.142861
976.801067,-0.14183
977.800863,-0.140806
978.800659,-0.139788
979.800456,-0.138776
980.800252,-0.13777
981.800049,-0.136771
982.799845,-0.135779
983.799641,-0.134793
984.799438,-0.133814
985.799234,-0.132843
986.799031,-0.131878
987.798827,-0.130921
988.798623,-0.129971
989.79842,-0.129028
990.798216,-0.128093
991.798012,-0.127166
992.797809,-0.126246
993.797605,-0.125334
994.797402,-0.124431
995.797198,-0.123535
996.796994,-0.122647
997.796791,-0.121768
998.796587,-0.120897
999.796383,-0.120034
1000.79618,-0.11918
1001.795976,-0.118334
1002.795773,-0.117498
1003.795569,-0.11667
1004.795365,-0.115851
1005.795162,-0.115041
1006.794958,-0.11424
1007.794755,-0.113448
1008.794551,-0.112666
1009.794347,-0.111893
1010.794144,-0.111129
1011.79394,-0.110375
1012.793736,-0.109631
1013.793533,-0.108896
1014.793329,-0.10817
1015.793126,-0.107455
1016.792922,-0.106749
1017.792718,-0.106052
1018.792515,-0.105365
1019.792311,-0.104688
1020.792108,-0.10402
1021.791904,-0.103362
1022.7917,-0.102713
1023.791497,-0.102074
1024.791293,-0.101444
1025.791089,-0.100824
1026.790886,-0.100212
1027.790682,-0.09961
1028.790479,-0.099018
1029.790275,-0.098434
1030.790071,-0.097859
1031.789868,-0.097293
1032.789664,-0.096736
1033.789461,-0.096188
1034.789257,-0.095649
1035.789053,-0.095118
1036.78885,-0.094595
1037.788646,-0.094082
1038.788442,-0.093576
1039.788239,-0.093079
1040.788035,-0.09259
1041.787832,-0.092109
1042.787628,-0.091636
1043.787424,-0.091171
1044.787221,-0.090714
1045.787017,-0.090265
1046.786814,-0.089823
1047.78661,-0.08939
1048.786406,-0.088964
1049.786203,-0.088546
1050.785999,-0.088136
1051.785795,-0.087733
1052.785592,-0.087338
1053.785388,-0.086951
1054.785185,-0.086571
1055.784981,-0.086199
1056.784777,-0.085835
1057.784574,-0.085478
1058.78437,-0.085129
1059.784166,-0.084788
1060.783963,-0.084454
1061.783759,-0.084129
1062.783556,-0.08381
1063.783352,-0.0835
1064.783148,-0.083197
1065.782945,-0.082903
1066.782741,-0.082616
1067.782538,-0.082337
1068.782334,-0.082065
1069.78213,-0.081802
1070.781927,-0.081547
1071.781723,-0.081299
1072.781519,-0.081059
1073.781316,-0.080827
1074.781112,-0.080603
1075.780909,-0.080387
1076.780705,-0.080178
1077.780501,-0.079977
1078.780298,-0.079784
1079.780094,-0.079598
1080.779891,-0.079419
1081.779687,-0.079248
1082.779483,-0.079085
1083.77928,-0.078928
1084.779076,-0.078779
1085.778872,-0.078637
1086.778669,-0.078501
1087.778465,-0.078373
1088.778262,-0.07825
1089.778058,-0.078135
1090.777854,-0.078026
1091.777651,-0.077923
1092.777447,-0.077826
1093.777244,-0.077735
1094.77704,-0.07765
1095.776836,-0.077571
1096.776633,-0.077497
1097.776429,-0.077428
1098.776225,-0.077365
1099.776022,-0.077307
1100.775818,-0.077254
1101.775615,-0.077205
1102.775411,-0.077161
1103.775207,-0.077122
1104.775004,-0.077086
1105.7748,-0.077055
1106.774597,-0.077028
1107.774393,-0.077005
1108.774189,-0.076985
1109.773986,-0.076969
1110.773782,-0.076957
1111.773578,-0.076948
1112.773375,-0.076941
1113.773171,-0.076938
1114.772968,-0.076938
1115.772764,-0.07694
1116.77256,-0.076945
1117.772357,-0.076952
1118.772153,-0.076962
1119.77195,-0.076973
1120.771746,-0.076987
1121.771542,-0.077003
1122.771339,-0.07702
1123.771135,-0.07704
1124.770931,-0.07706
1125.770728,-0.077082
1126.770524,-0.077106
1127.770321,-0.07713
1128.770117,-0.077156
1129.769913,-0.077183
1130.76971,-0.07721
1131.769506,-0.077238
1132.769302,-0.077267
1133.769099,-0.077296
1134.768895,-0.077326
1135.768692,-0.077356
1136.768488,-0.077386
1137.768284,-0.077416
1138.768081,-0.077447
1139.767877,-0.077477
1140.767674,-0.077506
1141.76747,-0.077536
1142.767266,-0.077565
1143.767063,-0.077593
1144.766859,-0.077621
1145.766655,-0.077649
1146.766452,-0.077675
1147.766248,-0.077701
1148.766045,-0.077726
1149.765841,-0.07775
1150.765637,-0.077772
1151.765434,-0.077794
1152.76523,-0.077815
1153.765027,-0.077834
1154.764823,-0.077853
1155.764619,-0.07787
1156.764416,-0.077886
1157.764212,-0.077901
1158.764008,-0.077914
1159.763805,-0.077926
1160.763601,-0.077938
1161.763398,-0.077948
1162.763194,-0.077957
1163.76299,-0.077965
1164.762787,-0.077972
1165.762583,-0.077978
1166.76238,-0.077983
1167.762176,-0.077988
1168.761972,-0.077992
1169.761769,-0.077995
1170.761565,-0.077998
1171.761361,-0.078001
1172.761158,-0.078003
1173.760954,-0.078006
1174.760751,-0.078008
1175.760547,-0.078011
1176.760343,-0.078014
1177.76014,-0.078017
1178.759936,-0.078021
1179.759733,-0.078026
1180.759529,-0.078032
1181.759325,-0.078039
1182.759122,-0.078047
1183.758918,-0.078056
1184.758714,-0.078067
1185.758511,-0.078079
1186.758307,-0.078093
1187.758104,-0.078108
1188.7579,-0.078125
1189.757696,-0.078145
1190.757493,-0.078166
1191.757289,-0.078189
1192.757086,-0.078215
1193.756882,-0.078242
1194.756678,-0.078272
1195.756475,-0.078304
1196.756271,-0.078338
1197.756067,-0.078373
1198.755864,-0.078412
1199.75566,-0.078452
1200.755457,-0.078494
1201.755253,-0.078537
1202.755049,-0.078583
1203.754846,-0.07863
1204.754642,-0.078679
1205.754438,-0.078729
1206.754235,-0.078781
1207.754031,-0.078833
1208.753828,-0.078887
1209.753624,-0.078941
1210.75342,-0.078996
1211.753217,-0.079052
1212.753013,-0.079108
1213.75281,-0.079164
1214.752606,-0.07922
1215.752402,-0.079276
1216.752199,-0.079332
1217.751995,-0.079387
1218.751791,-0.079442
1219.751588,-0.079497
1220.751384,-0.07955
1221.751181,-0.079603
1222.750977,-0.079654
1223.750773,-0.079704
1224.75057,-0.079754
1225.750366,-0.079802
1226.750163,-0.079848
1227.749959,-0.079893
1228.749755,-0.079937
1229.749552,-0.079979
1230.749348,-0.08002
1231.749144,-0.080059
1232.748941,-0.080097
1233.748737,-0.080133
1234.748534,-0.080167
1235.74833,-0.0802
1236.748126,-0.080231
1237.747923,-0.080261
1238.747719,-0.080289
1239.747516,-0.080316
1240.747312,-0.080341
1241.747108,-0.080365
1242.746905,-0.080387
1243.746701,-0.080407
1244.746497,-0.080427
1245.746294,-0.080445
1246.74609,-0.080462
1247.745887,-0.080477
1248.745683,-0.080492
1249.745479,-0.080505
1250.745276,-0.080517
1251.745072,-0.080528
1252.744869,-0.080539
1253.744665,-0.080548
1254.744461,-0.080556
1255.744258,-0.080564
1256.744054,-0.080571
1257.74385,-0.080577
1258.743647,-0.080583
1259.743443,-0.080588
1260.74324,-0.080592
1261.743036,-0.080596
1262.742832,-0.0806
1263.742629,-0.080604
1264.742425,-0.080607
1265.742221,-0.080611
1266.742018,-0.080614
1267.741814,-0.080617
1268.741611,-0.08062
1269.741407,-0.080624
1270.741203,-0.080628
1271.741,-0.080632
1272.740796,-0.080637
1273.740593,-0.080643
1274.740389,-0.080649
1275.740185,-0.080655
1276.739982,-0.080663
1277.739778,-0.080672
1278.739574,-0.080682
1279.739371,-0.080693
1280.739167,-0.080705
1281.738964,-0.080719
1282.73876,-0.080734
1283.738556,-0.080751
1284.738353,-0.08077
1285.738149,-0.08079
1286.737946,-0.080813
1287.737742,-0.080838
1288.737538,-0.080865
1289.737335,-0.080894
1290.737131,-0.080926
1291.736927,-0.080961
1292.736724,-0.080998
1293.73652,-0.081038
1294.736317,-0.081082
1295.736113,-0.081128
1296.735909,-0.081178
1297.735706,-0.081231
1298.735502,-0.081287
1299.735299,-0.081347
1300.735095,-0.081411
1301.734891,-0.081479
1302.734688,-0.081551
1303.734484,-0.081627
1304.73428,-0.081707
1305.734077,-0.081791
1306.733873,-0.08188
1307.73367,-0.081973
1308.733466,-0.082071
1309.733262,-0.082173
1310.733059,-0.082281
1311.732855,-0.082393
1312.732652,-0.082511
1313.732448,-0.082633
1314.732244,-0.082761
1315.732041,-0.082893
1316.731837,-0.083032
1317.731633,-0.083175
1318.73143,-0.083324
1319.731226,-0.083479
1320.731023,-0.083639
1321.730819,-0.083804
1322.730615,-0.083976
1323.730412,-0.084153
1324.730208,-0.084336
1325.730005,-0.084524
1326.729801,-0.084719
1327.729597,-0.084919
1328.729394,-0.085125
1329.72919,-0.085337
1330.728986,-0.085555
1331.728783,-0.085779
1332.728579,-0.086009
1333.728376,-0.086245
1334.728172,-0.086487
1335.727968,-0.086735
1336.727765,-0.086989
1337.727561,-0.087248
1338.727357,-0.087514
1339.727154,-0.087786
1340.72695,-0.088063
1341.726747,-0.088347
1342.726543,-0.088636
1343.726339,-0.088931
1344.726136,-0.089232
1345.725932,-0.089539
1346.725729,-0.089852
1347.725525,-0.09017
1348.725321,-0.090494
1349.725118,-0.090824
1350.724914,-0.091159
1351.72471,-0.0915
1352.724507,-0.091847
1353.724303,-0.092199
1354.7241,-0.092556
1355.723896,-0.092919
1356.723692,-0.093287
1357.723489,-0.093661
1358.723285,-0.09404
1359.723082,-0.094425
1360.722878,-0.094815
1361.722674,-0.09521
1362.722471,-0.09561
1363.722267,-0.096016
1364.722063,-0.096427
1365.72186,-0.096843
1366.721656,-0.097264
1367.721453,-0.097691
1368.721249,-0.098122
1369.721045,-0.098559
1370.720842,-0.099001
1371.720638,-0.099448
1372.720435,-0.0999
1373.720231,-0.100358
1374.720027,-0.100821
1375.719824,-0.101288
1376.71962,-0.101761
1377.719416,-0.102239
1378.719213,-0.102722
1379.719009,-0.103211
1380.718806,-0.103704
1381.718602,-0.104203
1382.718398,-0.104707
1383.718195,-0.105216
1384.717991,-0.10573
1385.717788,-0.10625
1386.717584,-0.106775
1387.71738,-0.107305
1388.717177,-0.10784
1389.716973,-0.108381
1390.716769,-0.108927
1391.716566,-0.109479
1392.716362,-0.110036
1393.716159,-0.110599
1394.715955,-0.111167
1395.715751,-0.111741
1396.715548,-0.11232
1397.715344,-0.112905
1398.715141,-0.113495
1399.714937,-0.114091
1400.714733,-0.114693
1401.71453,-0.1153
1402.714326,-0.115912
1403.714122,-0.11653
1404.713919,-0.117153
1405.713715,-0.117781
1406.713512,-0.118415
1407.713308,-0.119054
1408.713104,-0.119698
1409.712901,-0.120348
1410.712697,-0.121002
1411.712493,-0.121661
1412.71229,-0.122325
1413.712086,-0.122994
1414.711883,-0.123668
1415.711679,-0.124346
1416.711475,-0.125029
1417.711272,-0.125716
1418.711068,-0.126407
1419.710865,-0.127103
1420.710661,-0.127803
1421.710457,-0.128508
1422.710254,-0.129216
1423.71005,-0.129928
1424.709846,-0.130644
1425.709643,-0.131364
1426.709439,-0.132088
1427.709236,-0.132815
1428.709032,-0.133547
1429.708828,-0.134281
1430.708625,-0.135019
1431.708421,-0.135761
1432.708218,-0.136506
1433.708014,-0.137254
1434.70781,-0.138005
1435.707607,-0.13876
1436.707403,-0.139518
1437.707199,-0.140279
1438.706996,-0.141043
1439.706792,-0.14181
1440.706589,-0.14258
1441.706385,-0.143352
1442.706181,-0.144128
1443.705978,-0.144906
1444.705774,-0.145687
1445.705571,-0.146471
1446.705367,-0.147257
1447.705163,-0.148045
1448.70496,-0.148836
1449.704756,-0.149629
1450.704552,-0.150424
1451.704349,-0.151222
1452.704145,-0.152021
1453.703942,-0.152821
1454.703738,-0.153624
1455.703534,-0.154427
1456.703331,-0.155232
1457.703127,-0.156038
1458.702924,-0.156844
1459.70272,-0.157651
1460.702516,-0.158458
1461.702313,-0.159264
1462.702109,-0.160071
1463.701905,-0.160876
1464.701702,-0.161681
1465.701498,-0.162484
1466.701295,-0.163286
1467.701091,-0.164085
1468.700887,-0.164882
1469.700684,-0.165677
1470.70048,-0.166469
1471.700276,-0.167257
1472.700073,-0.168042
1473.699869,-0.168823
1474.699666,-0.169599
1475.699462,-0.170371
1476.699258,-0.171139
1477.699055,-0.171901
1478.698851,-0.172658
1479.698648,-0.17341
1480.698444,-0.174157
1481.69824,-0.174897
1482.698037,-0.175632
1483.697833,-0.17636
1484.697629,-0.177083
1485.697426,-0.177799
1486.697222,-0.178509
1487.697019,-0.179212
1488.696815,-0.17991
1489.696611,-0.180601
1490.696408,-0.181285
1491.696204,-0.181964
1492.696001,-0.182636
1493.695797,-0.183303
1494.695593,-0.183964
1495.69539,-0.184619
1496.695186,-0.185269
1497.694982,-0.185914
1498.694779,-0.186554
1499.694575,-0.187189
1500.694372,-0.18782
1501.694168,-0.188448
1502.693964,-0.189071
1503.693761,-0.189691
1504.693557,-0.190308
1505.693354,-0.190923
1506.69315,-0.191534
1507.692946,-0.192144
1508.692743,-0.192751
1509.692539,-0.193357
1510.692335,-0.193961
1511.692132,-0.194564
1512.691928,-0.195167
1513.691725,-0.195768
1514.691521,-0.196369
1515.691317,-0.19697
1516.691114,-0.19757
1517.69091,-0.198171
1518.690707,-0.198771
1519.690503,-0.199372
1520.690299,-0.199973
1521.690096,-0.200575
1522.689892,-0.201178
1523.689688,-0.201781
1524.689485,-0.202385
1525.689281,-0.202989
1526.689078,-0.203594
1527.688874,-0.2042
1528.68867,-0.204807
1529.688467,-0.205414
1530.688263,-0.206021
1531.68806,-0.206628
1532.687856,-0.207236
1533.687652,-0.207843
1534.687449,-0.208449
1535.687245,-0.209055
1536.687041,-0.209659
1537.686838,-0.210262
1538.686634,-0.210862
1539.686431,-0.21146
1540.686227,-0.212056
1541.686023,-0.212648
1542.68582,-0.213236
1543.685616,-0.21382
1544.685412,-0.214399
1545.685209,-0.214974
1546.685005,-0.215543
1547.684802,-0.216106
1548.684598,-0.216663
1549.684394,-0.217213
1550.684191,-0.217756
1551.683987,-0.218292
1552.683784,-0.21882
1553.68358,-0.219341
1554.683376,-0.219853
1555.683173,-0.220357
1556.682969,-0.220853
1557.682765,-0.22134
1558.682562,-0.221819
1559.682358,-0.222289
1560.682155,-0.222751
1561.681951,-0.223204
1562.681747,-0.223649
1563.681544,-0.224085
1564.68134,-0.224513
1565.681137,-0.224933
1566.680933,-0.225345
1567.680729,-0.225749
1568.680526,-0.226146
1569.680322,-0.226535
1570.680118,-0.226916
1571.679915,-0.227291
1572.679711,-0.227659
1573.679508,-0.228019
1574.679304,-0.228374
1575.6791,-0.228722
1576.678897,-0.229063
1577.678693,-0.229398
1578.67849,-0.229727
1579.678286,-0.23005
1580.678082,-0.230366
1581.677879,-0.230676
1582.677675,-0.23098
1583.677471,-0.231277
1584.677268,-0.231568
1585.677064,-0.231852
1586.676861,-0.23213
1587.676657,-0.2324
1588.676453,-0.232664
1589.67625,-0.232921
1590.676046,-0.23317
1591.675843,-0.233412
1592.675639,-0.233647
1593.675435,-0.233875
1594.675232,-0.234095
1595.675028,-0.234307
1596.674824,-0.234512
1597.674621,-0.234709
1598.674417,-0.234899
1599.674214,-0.235082
1600.67401,-0.235257
1601.673806,-0.235424
1602.673603,-0.235584
1603.673399,-0.235736
1604.673195,-0.235881
1605.672992,-0.236019
1606.672788,-0.236149
1607.672585,-0.236272
1608.672381,-0.236387
1609.672177,-0.236494
1610.671974,-0.236595
1611.67177,-0.236688
1612.671567,-0.236773
1613.671363,-0.236851
1614.671159,-0.236922
1615.670956,-0.236986
1616.670752,-0.237043
1617.670548,-0.237094
1618.670345,-0.237137
1619.670141,-0.237175
1620.669938,-0.237206
1621.669734,-0.237231
1622.66953,-0.237251
1623.669327,-0.237265
1624.669123,-0.237275
1625.66892,-0.237279
1626.668716,-0.237279
1627.668512,-0.237274
1628.668309,-0.237266
1629.668105,-0.237253
1630.667901,-0.237237
1631.667698,-0.237216
1632.667494,-0.237193
1633.667291,-0.237165
1634.667087,-0.237134
1635.666883,-0.237099
1636.66668,-0.237061
1637.666476,-0.237019
1638.666273,-0.236974
1639.666069,-0.236925
1640.665865,-0.236873
1641.665662,-0.236817
1642.665458,-0.236758
1643.665254,-0.236696
1644.665051,-0.236631
1645.664847,-0.236563
1646.664644,-0.236493
1647.66444,-0.236421
1648.664236,-0.236347
1649.664033,-0.236271
1650.663829,-0.236195
1651.663626,-0.236118
1652.663422,-0.236041
1653.663218,-0.235963
1654.663015,-0.235887
1655.662811,-0.235811
1656.662607,-0.235736
1657.662404,-0.235663
1658.6622,-0.235592
1659.661997,-0.235524
1660.661793,-0.235458
1661.661589,-0.235395
1662.661386,-0.235335
1663.661182,-0.23528
1664.660979,-0.235228
1665.660775,-0.235182
1666.660571,-0.23514
1667.660368,-0.235104
1668.660164,-0.235074
1669.65996,-0.23505
1670.659757,-0.235033
1671.659553,-0.235024
1672.65935,-0.235022
1673.659146,-0.235029
1674.658942,-0.235045
1675.658739,-0.235069
1676.658535,-0.235103
1677.658331,-0.235146
1678.658128,-0.235199
1679.657924,-0.235262
1680.657721,-0.235334
1681.657517,-0.235416
1682.657313,-0.235506
1683.65711,-0.235605
1684.656906,-0.235713
1685.656703,-0.235828
1686.656499,-0.235951
1687.656295,-0.23608
1688.656092,-0.236215
1689.655888,-0.236355
1690.655684,-0.2365
1691.655481,-0.236649
1692.655277,-0.2368
1693.655074,-0.236954
1694.65487,-0.237111
1695.654666,-0.237268
1696.654463,-0.237426
1697.654259,-0.237584
1698.654056,-0.237742
1699.653852,-0.2379
1700.653648,-0.238056
1701.653445,-0.23821
1702.653241,-0.238363
1703.653037,-0.238513
1704.652834,-0.23866
1705.65263,-0.238805
1706.652427,-0.238946
1707.652223,-0.239084
1708.652019,-0.239217
1709.651816,-0.239347
1710.651612,-0.239472
1711.651409,-0.239592
1712.651205,-0.239707
1713.651001,-0.239816
1714.650798,-0.23992
1715.650594,-0.240018
1716.65039,-0.24011
1717.650187,-0.240196
1718.649983,-0.240276
1719.64978,-0.240349
1720.649576,-0.240415
1721.649372,-0.240475
1722.649169,-0.240528
1723.648965,-0.240574
1724.648762,-0.240613
1725.648558,-0.240646
1726.648354,-0.240672
1727.648151,-0.240691
1728.647947,-0.240704
1729.647743,-0.24071
1730.64754,-0.240709
1731.647336,-0.240702
1732.647133,-0.240689
1733.646929,-0.240669
1734.646725,-0.240643
1735.646522,-0.24061
1736.646318,-0.240572
1737.646115,-0.240528
1738.645911,-0.240478
1739.645707,-0.240423
1740.645504,-0.240362
1741.6453,-0.240297
1742.645096,-0.240228
1743.644893,-0.240155
1744.644689,-0.240077
1745.644486,-0.239997
1746.644282,-0.239914
1747.644078,-0.239829
1748.643875,-0.239743
1749.643671,-0.239655
1750.643467,-0.239566
1751.643264,-0.239478
1752.64306,-0.23939
1753.642857,-0.239303
1754.642653,-0.239218
1755.642449,-0.239135
1756.642246,-0.239055
1757.642042,-0.238978
1758.641839,-0.238904
1759.641635,-0.238834
1760.641431,-0.238768
1761.641228,-0.238707
1762.641024,-0.238651
1763.64082,-0.2386
1764.640617,-0.238555
1765.640413,-0.238515
1766.64021,-0.238481
1767.640006,-0.238453
1768.639802,-0.238432
1769.639599,-0.238417
1770.639395,-0.238408
1771.639192,-0.238406
1772.638988,-0.23841
1773.638784,-0.23842
1774.638581,-0.238436
1775.638377,-0.238458
1776.638173,-0.238486
1777.63797,-0.238518
1778.637766,-0.238556
1779.637563,-0.238597
1780.637359,-0.238642
1781.637155,-0.23869
1782.636952,-0.238741
1783.636748,-0.238793
1784.636545,-0.238847
1785.636341,-0.238901
1786.636137,-0.238955
1787.635934,-0.239008
1788.63573,-0.23906
1789.635526,-0.239111
1790.635323,-0.239159
1791.635119,-0.239205
1792.634916,-0.239249
1793.634712,-0.239289
1794.634508,-0.239327
1795.634305,-0.239362
1796.634101,-0.239394
1797.633898,-0.239423
1798.633694,-0.239449
1799.63349,-0.239474
1800.633287,-0.239496
1801.633083,-0.239516
1802.632879,-0.239536
1803.632676,-0.239555
1804.632472,-0.239573
1805.632269,-0.239592
1806.632065,-0.239612
1807.631861,-0.239633
1808.631658,-0.239655
1809.631454,-0.23968
1810.63125,-0.239708
1811.631047,-0.239739
1812.630843,-0.239774
1813.63064,-0.239812
1814.630436,-0.239855
1815.630232,-0.239903
1816.630029,-0.239956
1817.629825,-0.240014
1818.629622,-0.240078
1819.629418,-0.240146
1820.629214,-0.24022
1821.629011,-0.2403
1822.628807,-0.240384
1823.628603,-0.240474
1824.6284,-0.240568
1825.628196,-0.240667
1826.627993,-0.24077
1827.627789,-0.240877
1828.627585,-0.240987
1829.627382,-0.2411
1830.627178,-0.241216
1831.626975,-0.241333
1832.626771,-0.241451
1833.626567,-0.241571
1834.626364,-0.24169
1835.62616,-0.241809
1836.625956,-0.241927
1837.625753,-0.242043
1838.625549,-0.242157
1839.625346,-0.242269
1840.625142,-0.242379
1841.624938,-0.242485
1842.624735,-0.242587
1843.624531,-0.242686
1844.624328,-0.242781
1845.624124,-0.242873
1846.62392,-0.24296
1847.623717,-0.243044
1848.623513,-0.243124
1849.623309,-0.2432
1850.623106,-0.243273
1851.622902,-0.243343
1852.622699,-0.243409
1853.622495,-0.243473
1854.622291,-0.243535
1855.622088,-0.243594
1856.621884,-0.243652
1857.621681,-0.243707
1858.621477,-0.243762
1859.621273,-0.243815
1860.62107,-0.243867
1861.620866,-0.243918
1862.620662,-0.243968
1863.620459,-0.244018
1864.620255,-0.244068
1865.620052,-0.244117
1866.619848,-0.244166
1867.619644,-0.244214
1868.619441,-0.244262
1869.619237,-0.244309
1870.619034,-0.244356
1871.61883,-0.244402
1872.618626,-0.244447
1873.618423,-0.244492
1874.618219,-0.244535
1875.618015,-0.244577
1876.617812,-0.244617
1877.617608,-0.244656
1878.617405,-0.244693
1879.617201,-0.244729
1880.616997,-0.244762
1881.616794,-0.244794
1882.61659,-0.244823
1883.616386,-0.244851
1884.616183,-0.244876
1885.615979,-0.244899
1886.615776,-0.244919
1887.615572,-0.244938
1888.615368,-0.244954
1889.615165,-0.244968
1890.614961,-0.24498
1891.614758,-0.24499
1892.614554,-0.244998
1893.61435,-0.245004
1894.614147,-0.245008
1895.613943,-0.245011
1896.613739,-0.245013
1897.613536,-0.245013
1898.613332,-0.245012
1899.613129,-0.24501
1900.612925,-0.245007
1901.612721,-0.245003
1902.612518,-0.244998
1903.612314,-0.244993
1904.612111,-0.244988
1905.611907,-0.244982
1906.611703,-0.244977
1907.6115,-0.244971
1908.611296,-0.244966
1909.611092,-0.244961
1910.610889,-0.244957
1911.610685,-0.244954
1912.610482,-0.244951
1913.610278,-0.244949
1914.610074,-0.244949
1915.609871,-0.244949
1916.609667,-0.244952
1917.609464,-0.244955
1918.60926,-0.244961
1919.609056,-0.244968
1920.608853,-0.244976
1921.608649,-0.244987
1922.608445,-0.245
1923.608242,-0.245015
1924.608038,-0.245032
1925.607835,-0.245052
1926.607631,-0.245074
1927.607427,-0.245098
1928.607224,-0.245125
1929.60702,-0.245155
1930.606817,-0.245187
1931.606613,-0.245222
1932.606409,-0.24526
1933.606206,-0.2453
1934.606002,-0.245343
1935.605798,-0.245389
1936.605595,-0.245438
1937.605391,-0.24549
1938.605188,-0.245545
1939.604984,-0.245602
1940.60478,-0.245662
1941.604577,-0.245724
1942.604373,-0.24579
1943.60417,-0.245857
1944.603966,-0.245926
1945.603762,-0.245998
1946.603559,-0.246072
1947.603355,-0.246147
1948.603151,-0.246224
1949.602948,-0.246302
1950.602744,-0.246381
1951.602541,-0.246461
1952.602337,-0.246542
1953.602133,-0.246623
1954.60193,-0.246705
1955.601726,-0.246787
1956.601522,-0.246869
1957.601319,-0.246951
1958.601115,-0.247032
1959.600912,-0.247113
1960.600708,-0.247193
1961.600504,-0.247272
1962.600301,-0.24735
1963.600097,-0.247426
1964.599894,-0.2475
1965.59969,-0.247573
1966.599486,-0.247643
1967.599283,-0.247711
1968.599079,-0.247775
1969.598875,-0.247837
1970.598672,-0.247895
1971.598468,-0.247949
1972.598265,-0.247999
1973.598061,-0.248044
1974.597857,-0.248085
1975.597654,-0.248121
1976.59745,-0.248152
1977.597247,-0.248177
1978.597043,-0.248196
1979.596839,-0.248209
1980.596636,-0.248216
1981.596432,-0.248217
1982.596228,-0.248211
1983.596025,-0.248199
1984.595821,-0.24818
1985.595618,-0.248154
1986.595414,-0.248122
1987.59521,-0.248083
1988.595007,-0.248038
1989.594803,-0.247985
1990.5946,-0.247926
1991.594396,-0.247861
1992.594192,-0.247788
1993.593989,-0.247709
1994.593785,-0.247623
1995.593581,-0.24753
1996.593378,-0.247431
1997.593174,-0.247324
1998.592971,-0.24721
1999.592767,-0.24709
2000.592563,-0.246962
2001.59236,-0.246826
2002.592156,-0.246684
2003.591953,-0.246534
2004.591749,-0.246376
2005.591545,-0.246211
2006.591342,-0.246038
2007.591138,-0.245857
2008.590934,-0.245669
2009.590731,-0.245473
2010.590527,-0.24527
2011.590324,-0.245058
2012.59012,-0.244839
2013.589916,-0.244612
2014.589713,-0.244378
2015.589509,-0.244136
2016.589305,-0.243886
2017.589102,-0.243628
2018.588898,-0.243362
2019.588695,-0.243089
2020.588491,-0.242808
2021.588287,-0.242519
2022.588084,-0.242222
2023.58788,-0.241917
2024.587677,-0.241604
2025.587473,-0.241282
2026.587269,-0.240953
2027.587066,-0.240615
2028.586862,-0.240269
2029.586658,-0.239914
2030.586455,-0.239551
2031.586251,-0.23918
2032.586048,-0.2388
2033.585844,-0.238411
2034.58564,-0.238014
2035.585437,-0.237608
2036.585233,-0.237193
2037.58503,-0.23677
2038.584826,-0.236338
2039.584622,-0.235897
2040.584419,-0.235448
2041.584215,-0.234991
2042.584011,-0.234525
2043.583808,-0.23405
2044.583604,-0.233568
2045.583401,-0.233078
2046.583197,-0.232579
2047.582993,-0.232073
2048.58279,-0.231559
2049.582586,-0.231038
2050.582383,-0.230509
2051.582179,-0.229973
2052.581975,-0.22943
2053.581772,-0.22888
2054.581568,-0.228324
2055.581364,-0.227762
2056.581161,-0.227193
2057.580957,-0.226619
2058.580754,-0.226039
2059.58055,-0.225453
2060.580346,-0.224863
2061.580143,-0.224267
2062.579939,-0.223667
2063.579736,-0.223063
2064.579532,-0.222455
2065.579328,-0.221843
2066.579125,-0.221228
2067.578921,-0.220609
2068.578717,-0.219988
2069.578514,-0.219364
2070.57831,-0.218737
2071.578107,-0.218109
2072.577903,-0.217479
2073.577699,-0.216847
2074.577496,-0.216214
2075.577292,-0.215579
2076.577089,-0.214944
2077.576885,-0.214309
2078.576681,-0.213673
2079.576478,-0.213036
2080.576274,-0.2124
2081.57607,-0.211765
2082.575867,-0.211129
2083.575663,-0.210495
2084.57546,-0.209861
2085.575256,-0.209228
2086.575052,-0.208596
2087.574849,-0.207966
2088.574645,-0.207337
2089.574441,-0.20671
2090.574238,-0.206085
2091.574034,-0.205462
2092.573831,-0.20484
2093.573627,-0.204221
2094.573423,-0.203604
2095.57322,-0.20299
2096.573016,-0.202378
2097.572813,-0.201769
2098.572609,-0.201163
2099.572405,-0.200559
2100.572202,-0.199959
2101.571998,-0.199362
2102.571794,-0.198768
2103.571591,-0.198177
2104.571387,-0.197591
2105.571184,-0.197007
2106.57098,-0.196428
2107.570776,-0.195852
2108.570573,-0.19528
2109.570369,-0.194713
2110.570166,-0.194149
2111.569962,-0.19359
2112.569758,-0.193035
2113.569555,-0.192484
2114.569351,-0.191938
2115.569147,-0.191395
2116.568944,-0.190858
2117.56874,-0.190325
2118.568537,-0.189796
2119.568333,-0.189272
2120.568129,-0.188752
2121.567926,-0.188237
2122.567722,-0.187727
2123.567519,-0.18722
2124.567315,-0.186719
2125.567111,-0.186222
2126.566908,-0.185729
2127.566704,-0.185241
2128.5665,-0.184757
2129.566297,-0.184278
2130.566093,-0.183803
2131.56589,-0.183332
2132.565686,-0.182865
2133.565482,-0.182403
2134.565279,-0.181945
2135.565075,-0.181491
2136.564872,-0.181041
2137.564668,-0.180596
2138.564464,-0.180154
2139.564261,-0.179716
2140.564057,-0.179281
2141.563853,-0.178851
2142.56365,-0.178424
2143.563446,-0.178
2144.563243,-0.17758
2145.563039,-0.177163
2146.562835,-0.176749
2147.562632,-0.176338
2148.562428,-0.17593
2149.562225,-0.175526
2150.562021,-0.175123
2151.561817,-0.174724
2152.561614,-0.174327
2153.56141,-0.173933
2154.561206,-0.173541
2155.561003,-0.173152
2156.560799,-0.172765
2157.560596,-0.17238
2158.560392,-0.171997
2159.560188,-0.171617
2160.559985,-0.171239
2161.559781,-0.170864
2162.559577,-0.17049
2163.559374,-0.170119
2164.55917,-0.169751
2165.558967,-0.169384
2166.558763,-0.16902
2167.558559,-0.168659
2168.558356,-0.1683
2169.558152,-0.167945
2170.557949,-0.167592
2171.557745,-0.167242
2172.557541,-0.166895
2173.557338,-0.166552
2174.557134,-0.166213
2175.55693,-0.165878
2176.556727,-0.165548
2177.556523,-0.165222
2178.55632,-0.164901
2179.556116,-0.164585
2180.555912,-0.164275
2181.555709,-0.163972
2182.555505,-0.163675
2183.555302,-0.163384
2184.555098,-0.163101
2185.554894,-0.162826
2186.554691,-0.162559
2187.554487,-0.1623
2188.554283,-0.16205
2189.55408,-0.16181
2190.553876,-0.161578
2191.553673,-0.161356
2192.553469,-0.161144
2193.553265,-0.160942
2194.553062,-0.16075
2195.552858,-0.160569
2196.552655,-0.160398
2197.552451,-0.160237
2198.552247,-0.160087
2199.552044,-0.159947
2200.55184,-0.159817
2201.551636,-0.159698
2202.551433,-0.159589
2203.551229,-0.15949
2204.551026,-0.1594
2205.550822,-0.15932
2206.550618,-0.15925
2207.550415,-0.159189
2208.550211,-0.159137
2209.550008,-0.159094
2210.549804,-0.159059
2211.5496,-0.159032
2212.549397,-0.159014
2213.549193,-0.159003
2214.548989,-0.158999
2215.548786,-0.159003
2216.548582,-0.159014
2217.548379,-0.159031
2218.548175,-0.159055
2219.547971,-0.159085
2220.547768,-0.159121
2221.547564,-0.159163
2222.54736,-0.159211
2223.547157,-0.159264
2224.546953,-0.159322
2225.54675,-0.159386
2226.546546,-0.159455
2227.546342,-0.159529
2228.546139,-0.159608
2229.545935,-0.159692
2230.545732,-0.159781
2231.545528,-0.159874
2232.545324,-0.159973
2233.545121,-0.160076
2234.544917,-0.160184
2235.544713,-0.160297
2236.54451,-0.160414
2237.544306,-0.160536
2238.544103,-0.160663
2239.543899,-0.160795
2240.543695,-0.160931
2241.543492,-0.161072
2242.543288,-0.161218
2243.543085,-0.161368
2244.542881,-0.161522
2245.542677,-0.161681
2246.542474,-0.161844
2247.54227,-0.162011
2248.542066,-0.162182
2249.541863,-0.162356
2250.541659,-0.162534
2251.541456,-0.162715
2252.541252,-0.1629
2253.541048,-0.163087
2254.540845,-0.163277
2255.540641,-0.16347
2256.540438,-0.163665
2257.540234,-0.163862
2258.54003,-0.164061
2259.539827,-0.164261
2260.539623,-0.164463
2261.539419,-0.164666
2262.539216,-0.164869
2263.539012,-0.165074
2264.538809,-0.165278
2265.538605,-0.165483
2266.538401,-0.165687
2267.538198,-0.165891
2268.537994,-0.166094
2269.537791,-0.166297
2270.537587,-0.166498
2271.537383,-0.166698
2272.53718,-0.166896
2273.536976,-0.167092
2274.536772,-0.167287
2275.536569,-0.167479
2276.536365,-0.167668
2277.536162,-0.167856
2278.535958,-0.16804
2279.535754,-0.168222
2280.535551,-0.168401
2281.535347,-0.168577
2282.535144,-0.168749
2283.53494,-0.168919
2284.534736,-0.169086
2285.534533,-0.16925
2286.534329,-0.169411
2287.534125,-0.169569
2288.533922,-0.169724
2289.533718,-0.169876
2290.533515,-0.170025
2291.533311,-0.170172
2292.533107,-0.170316
2293.532904,-0.170457
2294.5327,-0.170596
2295.532496,-0.170732
2296.532293,-0.170866
2297.532089,-0.170997
2298.531886,-0.171125
2299.531682,-0.171251
2300.531478,-0.171374
2301.531275,-0.171495
2302.531071,-0.171613
2303.530868,-0.171728
2304.530664,-0.171841
2305.53046,-0.171951
2306.530257,-0.172059
2307.530053,-0.172164
2308.529849,-0.172266
2309.529646,-0.172365
2310.529442,-0.172462
2311.529239,-0.172557
2312.529035,-0.172648
2313.528831,-0.172738
2314.528628,-0.172824
2315.528424,-0.172908
2316.528221,-0.17299
2317.528017,-0.173069
2318.527813,-0.173146
2319.52761,-0.173221
2320.527406,-0.173295
2321.527202,-0.173367
2322.526999,-0.173437
2323.526795,-0.173507
2324.526592,-0.173575
2325.526388,-0.173644
2326.526184,-0.173712
2327.525981,-0.17378
2328.525777,-0.17385
2329.525574,-0.17392
2330.52537,-0.173992
2331.525166,-0.174066
2332.524963,-0.174143
2333.524759,-0.174223
2334.524555,-0.174305
2335.524352,-0.174392
2336.524148,-0.174483
2337.523945,-0.174578
2338.523741,-0.174677
2339.523537,-0.174782
2340.523334,-0.174891
2341.52313,-0.175005
2342.522927,-0.175124
2343.522723,-0.175248
2344.522519,-0.175377
2345.522316,-0.175509
2346.522112,-0.175646
2347.521908,-0.175786
2348.521705,-0.175928
2349.521501,-0.176073
2350.521298,-0.17622
2351.521094,-0.176367
2352.52089,-0.176515
2353.520687,-0.176663
2354.520483,-0.17681
